name,position,industry,company_size,finance_stage,location,experience,education,salary
深圳市众乐网视文化传播有限公司,Python开发工程师,移动互联网社交Linux/Unix后端,150-500人,A轮,南山区,3-5年,大专,20k-30k
武汉微思敦网络技术有限公司,高级Python开发工程师,大数据,50-150人,不需要融资,南山区,5-10年,本科,20k-25k
达而观信息科技（上海）有限公司,高级python开发工程师,企业服务大数据后端C++机器学习,50-150人,B轮,南山区,3-5年,本科,18k-36k
北京国双科技有限公司,高级Python研发工程师,云计算大数据平台,500-2000人,上市公司,福田区,3-5年,本科,15k-30k
深圳小步网络科技有限公司,Python后台开发工程师,,50-150人,B轮,宝安区,3-5年,本科,15k-30k
深圳佑驾创新科技有限公司,python工程师,,150-500人,A轮,南山区,1-3年,本科,15k-30k
深圳爱财科技有限公司,Python工程师,,15-50人,不需要融资,南山区,1-3年,本科,18k-30k
上海海知智能科技有限公司,Python开发工程师,大数据Hadoop,50-150人,A轮,南山区,3-5年,本科,20k-40k
深圳晶泰科技有限公司,Python后端开发工程师,,50-150人,C轮,福田区,1-3年,本科,15k-30k
深圳市和讯华谷信息技术有限公司,极光调研 - 高级 Python 工程师,大数据Java,500-2000人,上市公司,南山区,3-5年,本科,18k-35k
深圳市紫川软件有限公司,python工程师,,500-2000人,不需要融资,南山区,1-3年,本科,8k-14k
深圳蓝贝科技有限公司,python开发工程师,,150-500人,B轮,南山区,3-5年,本科,15k-25k
深圳朗安信息科技有限公司,Python开发工程师,信息安全ShellLinux/Unix,50-150人,不需要融资,南山区,3-5年,本科,15k-20k
华润置地（深圳）有限公司,数据工程师（Python）,大数据数据分析MySQL,500-2000人,上市公司,南山区,3-5年,本科,13k-26k
广州影子控股股份有限公司,Python 后台研发工程师（深圳公司）,大数据云计算,150-500人,不需要融资,南山区,5-10年,本科,20k-40k
北京国双科技有限公司,资深python研发工程师,大数据云计算,500-2000人,上市公司,福田区,5-10年,本科,20k-40k
深圳爱财科技有限公司,Python工程师(B),,15-50人,不需要融资,南山区,3-5年,本科,19k-30k
深圳小步网络科技有限公司,00005-高级Python后台开发工程师,,50-150人,B轮,宝安区,3-5年,本科,20k-30k
深圳云天励飞技术有限公司,Python开发工程师(J10047),,500-2000人,A轮,福田区,3-5年,不限,15k-25k
爱客科技（深圳）有限公司,Python 高级后台工程师,,50-150人,不需要融资,南山区,3-5年,本科,18k-35k
深圳市立新出行信息技术有限公司,Python后台开发工程师,,50-150人,不需要融资,宝安区,3-5年,本科,25k-35k
深圳市环球易购电子商务有限公司,高级python开发工程师,云计算软件开发,2000人以上,上市公司,南山区,3-5年,大专,15k-25k
上海海知智能科技有限公司,Python开发实习生,大数据数据挖掘数据分析,50-150人,A轮,南山区,应届毕业生,本科,3k-4k
深圳羚羊极速科技有限公司,后台开发工程师（Python可转）,,50-150人,A轮,南山区,3-5年,本科,12k-24k
深圳华强聚丰电子科技有限公司,Python高级开发/爬虫工程师,,150-500人,A轮,福田区,3-5年,本科,13k-18k
万兴科技股份有限公司,Python开发工程师,,150-500人,上市公司,南山区,3-5年,本科,15k-20k
心灵失重（北京）科技有限公司,Python,,150-500人,A轮,南山区,3-5年,本科,15k-30k
深圳市明源云客电子商务有限公司,Python高级开发工程师,大数据JavaHadoopPHP,2000人以上,上市公司,南山区,3-5年,本科,16k-22k
万影技术（深圳）有限公司,Python开发工程师,企业服务电商,50-150人,天使轮,南山区,3-5年,本科,15k-20k
上海海万信息科技股份有限公司,python 工程师,,500-2000人,不需要融资,福田区,3-5年,本科,10k-20k
北京国双科技有限公司,资深后端研发工程师（python方向）,云计算大数据docker云计算,500-2000人,上市公司,福田区,5-10年,本科,25k-35k
深圳市博悦科创科技有限公司,python工程师,,500-2000人,不需要融资,南山区,1-3年,本科,10k-16k
深圳市前海汇流信息科技有限公司,Python研发工程师,,50-150人,A轮,南山区,1-3年,本科,10k-20k
深圳淘乐网络科技有限公司,python客户端开发工程师,,150-500人,不需要融资,南山区,1-3年,本科,8k-16k
悦视光合科技（北京）有限公司,后端研发工程师 - Python/大数据,,15-50人,不需要融资,南山区,不限,本科,10k-16k
深圳开黑科技有限公司,Python研发工程师,,150-500人,A轮,南山区,1-3年,本科,13k-25k
上海诺誉投资管理有限公司,深圳Python后台开发工程师,,150-500人,B轮,宝安区,3-5年,本科,25k-30k
深圳市有芯电子有限公司,Python工程师,电商ERP,150-500人,不需要融资,福田区,不限,本科,15k-25k
智言科技(深圳)有限公司,Python开发工程师,,50-150人,A轮,南山区,3-5年,本科,10k-20k
睿初科技,Python 实习生,,2000人以上,上市公司,南山区,应届毕业生,本科,5k-6k
深圳战吼网络科技有限公司,【实习】游戏后台 C#/Python 开发,游戏信息安全C#/.NETJava,15-50人,A轮,南山区,应届毕业生,不限,3k-4k
平安科技（深圳）有限公司,Python开发工程师（深圳）,,2000人以上,不需要融资,福田区,3-5年,本科,15k-30k
深圳房讯通信息技术有限公司,Python开发工程师,,150-500人,B轮,南山区,3-5年,本科,15k-20k
深圳小步网络科技有限公司,Python后台架构师,,50-150人,B轮,宝安区,5-10年,本科,20k-40k
深圳市五谷网络科技有限公司,高级Python工程师,大数据数据处理,150-500人,C轮,南山区,1-3年,本科,15k-20k
深圳开黑科技有限公司,高级Python开发工程师,信息安全服务器端PHP,150-500人,A轮,南山区,3-5年,本科,16k-30k
北京国双科技有限公司,Python实习工程师,,500-2000人,上市公司,福田区,不限,本科,2k-4k
深圳市一面网络技术有限公司,Python 工程师（数据平台）,大数据,50-150人,A轮,南山区,1-3年,本科,10k-20k
悦视光合科技（北京）有限公司,后端研发工程师 - Python/大数据（实习生）,,15-50人,不需要融资,南山区,应届毕业生,本科,3k-5k
深圳奥比中光科技有限公司,Python开发工程师,,150-500人,D轮及以上,南山区,3-5年,本科,15k-30k
深圳市易佰网络科技有限公司,python开发工程师,大数据移动互联网后端爬虫数据挖掘数据库,500-2000人,B轮,龙华新区,3-5年,大专,9k-16k
亿达信息技术（深圳）有限公司,python开发工程师,,2000人以上,不需要融资,南山区,3-5年,本科,13k-15k
深圳市金未来信息技术有限公司,Python高级工程师,企业服务移动互联网C++服务器端,15-50人,不需要融资,龙华新区,5-10年,本科,18k-28k
跨越速运集团有限公司,Python高级开发工程师(J10356),,2000人以上,不需要融资,南山区,1-3年,大专,20k-30k
上海微创软件股份有限公司北京分公司,Python工程师-赴码隆科技,,2000人以上,不需要融资,盐田区,3-5年,本科,10k-20k
优维科技（深圳）有限公司,Python开发工程师（驻场）,,50-150人,B轮,南山区,1-3年,本科,13k-15k
深圳市易博天下科技有限公司,Python开发工程师,,150-500人,上市公司,南山区,1-3年,大专,13k-25k
深圳市彬讯科技有限公司,python开发工程师,大数据,2000人以上,C轮,南山区,1-3年,本科,13k-20k
智言科技(深圳)有限公司,高级Python开发工程师,,50-150人,A轮,南山区,5-10年,本科,15k-25k
妙印云科技（深圳）有限公司,开发工程师/Python,电商移动互联网,15-50人,不需要融资,南山区,3-5年,本科,14k-28k
上海海万信息科技股份有限公司,招Python后台开发,,500-2000人,不需要融资,福田区,3-5年,大专,10k-20k
深圳呗佬智能有限公司,python开发工程师,,15-50人,A轮,南山区,3-5年,本科,15k-30k
深圳市瑞驰信息技术有限公司,python开发工程师,,50-150人,A轮,南山区,1-3年,大专,6k-12k
共享科技创新服务（深圳）有限公司,Python开发工程师助理,,50-150人,未融资,宝安区,不限,不限,3k-6k
深圳晶泰科技有限公司,高级Python开发工程师,云计算GO云计算,50-150人,C轮,福田区,1-3年,本科,15k-23k
深圳市金证科技股份有限公司,Python开发,,2000人以上,上市公司,福田区,1-3年,本科,9k-16k
深圳市前海富甲金融信息有限公司,Python开发工程师,,50-150人,A轮,南山区,3-5年,本科,15k-25k
深圳市翼腾信息科技有限公司,Python数据工程师,电商大数据爬虫数据库分布式,少于15人,天使轮,宝安区,1-3年,本科,10k-18k
联想（北京）有限公司,python开发工程师,,2000人以上,上市公司,南山区,不限,本科,20K-27K
深圳丝路天地电子商务有限公司,Python开发工程师,大数据数据挖掘,50-150人,A轮,南山区,3-5年,本科,15k-30k
深圳市猎芯科技有限公司,Python工程师,,150-500人,B轮,龙岗区,1-3年,大专,10k-20k
厦门笨鸟电子商务有限公司,python工程师,,150-500人,B轮,南山区,1-3年,本科,20k-40k
深圳市安之天信息技术有限公司,Python开发工程师,信息安全大数据,50-150人,未融资,宝安区,1-3年,本科,8k-15k
北京通力互联技术服务有限公司,python开发,,2000人以上,不需要融资,南山区,1-3年,大专,8k-11k
岩心科技（深圳）有限公司,Python后台开发/数据平台/Senior,大数据后端Java,500-2000人,C轮,南山区,3-5年,本科,15k-30k
深圳库尚信息技术有限公司,python开发工程师,电商JavaPHP,2000人以上,B轮,南山区,1-3年,大专,12k-24k
深圳市优弈科技有限公司,高级python开发工程师,大数据互联网金融后端PHP区块链,15-50人,天使轮,南山区,5-10年,本科,15k-30k
深圳市云间网络科技有限公司,Python开发工程师,,15-50人,不需要融资,南山区,3-5年,大专,15k-20k
深圳迅策科技有限公司,Python 开发工程师,工具软件金融后端,50-150人,A轮,南山区,3-5年,本科,15k-30k
深圳云天励飞技术有限公司,Python后端工程师A,,500-2000人,A轮,福田区,1-3年,本科,15k-30k
行云智能（深圳）技术有限公司,Python开发工程师,,15-50人,天使轮,南山区,1-3年,本科,10k-20k
深圳回收宝科技有限公司,Python开发工程师,,500-2000人,C轮,南山区,3-5年,本科,15k-22k
深圳格隆汇信息科技有限公司,python工程开发师,大数据金融软件开发Java,50-150人,A轮,南山区,1-3年,本科,15k-30k
深圳市玺望网络科技有限公司,python开发工程师,,50-150人,不需要融资,罗湖区,1-3年,本科,10k-15k
风变科技（深圳）有限公司,Python工程师（运维方向）,,50-150人,A轮,南山区,1-3年,本科,10k-20k
平安科技（深圳）有限公司,Python后台开发工程师（深圳）,,2000人以上,不需要融资,福田区,不限,本科,10k-15k
深圳市沃享科技有限公司,Python开发工程师,移动互联网工具软件后端ERP数据挖掘移动开发,15-50人,A轮,南山区,1-3年,大专,10k-20k
浪潮通用软件有限公司深圳研发中心,python开发工程师,云计算Java云计算,2000人以上,上市公司,南山区,1-3年,本科,11k-18k
深圳市微课科技有限公司,Python工程师,移动互联网JavaPHP,50-150人,A轮,南山区,1-3年,本科,15k-25k
北京通力互联技术服务有限公司,Python高级开发/python开发,,2000人以上,不需要融资,龙岗区,3-5年,大专,13k-25k
深圳市新悦联众科技有限公司,Python工程师,,50-150人,不需要融资,南山区,1-3年,本科,12k-15k
北京瑞友科技股份有限公司,Python开发工程师,金融,2000人以上,上市公司,南山区,1-3年,本科,10k-14k
深圳市微课科技有限公司,Python,移动互联网电商后端Linux/UnixMySQL,50-150人,A轮,南山区,1-3年,本科,9k-15k
广州维朗网络科技有限公司,Python开发工程师,,50-150人,不需要融资,福田区,1-3年,大专,10k-15k
深圳市埃提思科技开发有限公司,Python,,15-50人,天使轮,南山区,1-3年,大专,8k-15k
深圳鑫科国际商业保理有限公司,python工程师,,15-50人,A轮,南山区,1-3年,本科,7k-12k
深圳宸睿科技有限公司,Python工程师,教育直播,少于15人,不需要融资,南山区,3-5年,本科,9k-16k
深圳富桂精密工业有限公司,Python开发工程师,通信/网络设备测试开发,2000人以上,不需要融资,龙华新区,1-3年,本科,6k-12k
深圳市华云中盛科技有限公司,python开发工程师,企业服务JavaPHP,500-2000人,不需要融资,南山区,3-5年,大专,12k-20k
深圳大数点科技有限公司,Python研发工程师,大数据自动化数据挖掘,15-50人,A轮,南山区,1-3年,本科,8k-14k
百丽电子商务（上海）有限公司,python研发工程师,,500-2000人,不需要融资,南山区,3-5年,本科,15k-25k
深圳市启晟互联网科技有限公司,python开发工程师,,150-500人,未融资,龙华新区,1-3年,本科,10k-20k
深圳点猫科技有限公司,Python工程师,教育大数据数据挖掘,500-2000人,B轮,南山区,不限,本科,15k-30k
深圳贝尔信息科技有限公司,Python工程师（人工智能方向）,,少于15人,不需要融资,南山区,不限,本科,8k-16k
广州影子控股股份有限公司,Python 全栈工程师（深圳公司）,大数据云计算,150-500人,不需要融资,南山区,5-10年,本科,20k-40k
北京瑞友科技股份有限公司,Python开发工程师-Z,投资/融资保险后端,2000人以上,上市公司,南山区,3-5年,本科,10k-16k
深圳市金证科技股份有限公司,后台开发（python）工程师,,2000人以上,上市公司,福田区,3-5年,本科,12k-14k
万科物业发展股份有限公司,高级Python开发,,2000人以上,不需要融资,福田区,3-5年,本科,15k-25k
深圳市顺永通电子有限公司,python开发工程师,,50-150人,不需要融资,宝安区,3-5年,本科,10k-20k
深圳市蝌蚪文科技有限公司,python工程师,电商数据分析数据挖掘数据库开发,15-50人,不需要融资,福田区,1-3年,不限,14k-24k
岩心科技（深圳）有限公司,高级Python工程师/面向对象高级Python工,大数据Hadoop,500-2000人,C轮,南山区,3-5年,本科,15k-30k
风变科技（深圳）有限公司,Python开发实习生,,50-150人,A轮,南山区,应届毕业生,本科,4k-8k
深圳英菲创新智能科技有限公司,Python开发工程师,移动互联网服务器端,15-50人,B轮,南山区,3-5年,本科,12k-24k
亿达信息技术（深圳）有限公司,python后台研发,移动互联网大数据后端,2000人以上,不需要融资,南山区,3-5年,本科,13k-15k
深圳市纽创信安科技开发有限公司,软件工程师 (Python),信息安全软件开发Linux,15-50人,不需要融资,南山区,1-3年,本科,15k-25k
深圳市风禾尽起网络技术有限公司,高级python工程师,广告营销移动互联网后端平台网络爬虫,15-50人,未融资,宝安区,3-5年,本科,15k-25k
深圳市博悦科创科技有限公司,python后端,,500-2000人,不需要融资,南山区,3-5年,本科,10k-15k
深圳市科睿众诚科技有限公司,python软件工程师助理,,50-150人,未融资,宝安区,不限,大专,3k-6k
上海海万信息科技股份有限公司,Python 数据分析,大数据金融可视化,500-2000人,不需要融资,福田区,3-5年,大专,13k-25k
深圳市天趣网络科技有限公司,python后台开发工程师,,50-150人,A轮,南山区,1-3年,大专,10k-15k
北京瑞友科技股份有限公司,python开发工程师----c,,2000人以上,上市公司,南山区,1-3年,本科,10k-15k
深圳安巽科技有限公司,安全开发工程师(Python),信息安全大数据数据挖掘网络爬虫分布式全栈,50-150人,不需要融资,福田区,不限,本科,6k-12k
深圳领脉科技有限公司,Python高级工程师,,15-50人,A轮,龙岗区,10年以上,大专,25K-40K
康美中药材数据信息服务有限公司,Python工程师/数据工程师,,50-150人,上市公司,福田区,1-3年,本科,15k-30k
深圳市客路网络科技有限公司,Python后端工程师,,500-2000人,D轮及以上,福田区,1-3年,本科,13k-25k
平安科技（深圳）有限公司,Python 后台服务器开发,云计算服务器端Java云计算,2000人以上,上市公司,福田区,3-5年,本科,25k-40k
深圳非常牛物流科技有限公司,Python数据工程师,移动互联网物流数据挖掘数据分析数据处理,15-50人,A轮,南山区,3-5年,大专,10k-20k
深圳晶泰科技有限公司,Python 算法工程师,云计算机器学习,50-150人,C轮,福田区,3-5年,本科,18k-30k
深圳市深为软件技术有限公司,python讲师（全职/兼职）,,500-2000人,不需要融资,南山区,5-10年,本科,30k-50k
八零一八零（深圳）科技有限公司,python游戏服务器开发,游戏服务器端C++,15-50人,A轮,南山区,3-5年,本科,15k-30k
联想（北京）有限公司,python工程化leader,,2000人以上,上市公司,南山区,5-10年,本科,15k-28k
深圳市观麦网络科技有限公司,python后台开发工程师,,150-500人,A轮,南山区,1-3年,本科,10k-18k
深圳市达深信息科技有限公司,python后台开发工程师,大数据后端MySQL,50-150人,天使轮,南山区,1-3年,本科,11k-16k
深圳海链科技有限公司,Python 后台工程师,金融服务器端MySQL,50-150人,A轮,南山区,3-5年,本科,15k-26k
深圳市启晟互联网科技有限公司,Python后端开发工程师,,150-500人,未融资,龙华新区,3-5年,硕士,15k-25k
深圳市微课科技有限公司,Python实习生,移动互联网JavaPHP,50-150人,A轮,南山区,应届毕业生,本科,5k-10k
深圳市本牛科技有限责任公司,ETL工程师（Python数据处理）,电商教育Oracle数据挖掘数据分析,50-150人,未融资,南山区,不限,本科,8k-15k
华润置地有限公司,数据工程师（Python）,大数据MySQL,2000人以上,上市公司,南山区,3-5年,本科,13k-26k
深圳点猫科技有限公司,教材研发——Python,教育编辑策划,500-2000人,B轮,南山区,1-3年,本科,10k-20k
富途网络科技（深圳）有限公司,运营开发工程师（Python）,,500-2000人,C轮,,1-3年,本科,15k-30k
风变科技（深圳）有限公司,Python工程师（课程售后组）,教育,50-150人,A轮,南山区,1-3年,本科,7k-14k
深圳市启晟互联网科技有限公司,Python后端开发工程师,,150-500人,未融资,龙华新区,3-5年,硕士,15k-25k
OPPO广东移动通信有限公司,Python工程师（运维平台）,云计算云计算,2000人以上,不需要融资,南山区,3-5年,本科,15k-30k
联想（北京）有限公司,python机器学习工程师,,2000人以上,上市公司,南山区,5-10年,本科,20k-37k
广东科达洁能股份有限公司,Python全栈工程师,,2000人以上,上市公司,福田区,1-3年,本科,8k-15k
北京筑龙信息技术有限责任公司,Python数据挖掘工程师,大数据Hadoop数据仓库数据分析,150-500人,不需要融资,福田区,3-5年,本科,10k-20k
爱客科技（深圳）有限公司,python爬虫后台开发经理,,50-150人,不需要融资,南山区,5-10年,本科,28k-48k
深圳小步网络科技有限公司,Python爬虫工程师,,50-150人,B轮,宝安区,3-5年,本科,15k-30k
深圳派鲜科技有限公司,数据分析（python开发）,,150-500人,B轮,南山区,应届毕业生,本科,10k-15k
深圳开黑科技有限公司,Python自动化测试,游戏,150-500人,A轮,南山区,1-3年,本科,10k-19k
OPPO广东移动通信有限公司,Python测试开发工程师,,2000人以上,不需要融资,,3-5年,本科,15k-30k
风变科技（深圳）有限公司,Python课程营销总监/高级经理,,50-150人,A轮,南山区,1-3年,本科,20k-40k
在线途游（北京）科技有限公司,python游戏服务端高级技术,游戏Java,150-500人,B轮,南山区,不限,本科,12k-24k
深圳平安综合金融服务有限公司,C++/python后台研发工程师,信息安全金融系统架构,2000人以上,上市公司,罗湖区,3-5年,本科,15k-30k
天天体育科技（深圳）有限公司,Python爬虫开发工程师,,50-150人,未融资,南山区,3-5年,本科,15k-25k
深圳市麦凯莱科技有限公司,Python全栈工程师,,150-500人,不需要融资,南山区,3-5年,大专,10k-15k
九康科技（深圳）有限公司,后台开发（C++及python）,,15-50人,不需要融资,南山区,不限,本科,10k-20k
深圳晶泰科技有限公司,高级后端工程师（python、Go语言）,云计算Golang云计算,50-150人,C轮,福田区,1-3年,本科,15k-25k
深圳市安络科技有限公司,Python爬虫工程师,信息安全移动互联网网络爬虫,150-500人,未融资,南山区,1-3年,本科,10k-20k
深圳市彼图恩科技有限公司,python爬虫工程师,,50-150人,上市公司,南山区,1-3年,不限,10k-15k
腾讯科技(深圳)有限公司,Python运营开发,,2000人以上,上市公司,南山区,1-3年,本科,8k-15k
深圳市云之梦科技有限公司,"后台开发工程师（C++,PYTHON,GO）",云计算Java云计算,50-150人,A轮,南山区,1-3年,大专,10k-15k
富途网络科技（深圳）有限公司,社区服务端开发工程师(c++/python),,500-2000人,C轮,南山区,3-5年,本科,20k-40k
思力科（深圳）电子科技有限公司,C++/Python/QT软件工程师,,50-150人,不需要融资,南山区,3-5年,本科,12k-24k
汇金智融（北京）科技有限公司,python爬虫工程师,,150-500人,上市公司,南山区,应届毕业生,本科,8k-16k
深圳市比特穿越科技有限公司,Python爬虫实习生,,15-50人,天使轮,南山区,应届毕业生,本科,3k-5k
深圳亨得利网络科技有限公司,Python爬虫采集工程师,大数据移动互联网爬虫工程师,15-50人,未融资,南山区,3-5年,大专,15k-25k
深圳华策辉弘科技有限公司,Python算法工程师（数据挖掘）,大数据金融数据分析,50-150人,未融资,福田区,1-3年,大专,15k-23k
深圳云端汇移动互联网有限公司,Python自动化测试开发工程师,,50-150人,不需要融资,龙华新区,1-3年,本科,10k-20k
深圳晶泰科技有限公司,科学计算软件开发工程师（ Python、C/C++、Fortran）,云计算云计算,50-150人,C轮,福田区,3-5年,本科,15k-25k
深圳华强聚丰电子科技有限公司,Python高级爬虫工程师（主管）,,150-500人,A轮,福田区,5-10年,本科,18k-25k
惠州市优已餐饮管理有限公司,基础架构工程师（C/C++/Go/Python/）,,50-150人,A轮,南山区,不限,本科,30k-50k
深圳佑驾创新科技有限公司,GO工程师,,150-500人,A轮,南山区,1-3年,本科,15k-30k
深圳市透明伞科技有限公司,高级后台开发/Python/go/Java/C++,,50-150人,B轮,南山区,3-5年,本科,25k-50k
深圳市迅雷网络技术有限公司,手雷-后台开发(Python/C++/Go),,500-2000人,上市公司,南山区,3-5年,本科,15k-30k
深圳码隆科技有限公司,研发经理（算法项目落地）,,50-150人,B轮,盐田区,3-5年,不限,25k-45k
百度在线网络技术（北京）有限公司,"高级后端研发工程师（PHP,Python,C++）",,2000人以上,不需要融资,南山区,应届毕业生,本科,20k-40k
北京市商汤科技开发有限公司,AR应用测试工程师,,2000人以上,C轮,南山区,1-3年,本科,15k-30k
深圳市木浪云数据有限公司,分布式后台研发工程师（Java）,,15-50人,天使轮,南山区,5-10年,本科,15k-25k
深圳市矽赫科技有限公司,服务开发工程师,大数据云计算平台Linux/Unix后端服务器端,15-50人,不需要融资,南山区,1-3年,本科,15k-30k
深圳市迅雷网络技术有限公司,海外-后台开发(C++/Python/Go),,500-2000人,上市公司,南山区,3-5年,本科,15k-30k
深圳码隆科技有限公司,研发经理（云端产品）,,50-150人,B轮,盐田区,5-10年,不限,25k-45k
北京市商汤科技开发有限公司,高级产品经理(AR云方向),,2000人以上,C轮,南山区,3-5年,本科,20k-40k
深圳市新华云帆科技有限公司,Go语言开发,,150-500人,B轮,南山区,1-3年,本科,15k-25k
上海易点时空网络有限公司,算法开发工程师,汽车移动互联网JavaHadoopPython后端,150-500人,C轮,宝安区,3-5年,本科,15k-30k
深圳虾皮信息科技有限公司,供应链后台开发工程师,,2000人以上,上市公司,南山区,1-3年,本科,15k-30k
深圳飞链科技有限公司,GO语言高级工程师（区块链）,,15-50人,天使轮,南山区,3-5年,不限,15k-25k
新分享科技服务（深圳）有限公司,大数据开发工程师,大数据HadoopSpark数据挖掘,50-150人,B轮,南山区,5-10年,本科,30k-50k
深圳市一面网络技术有限公司,数据分析师（数据工程方向）,大数据,50-150人,A轮,南山区,1年以下,本科,10k-20k
深圳朗安信息科技有限公司,运维开发工程师,云计算,50-150人,不需要融资,南山区,3-5年,本科,15k-30k
深圳市全民点游科技有限公司,大数据开发工程师,,150-500人,未融资,南山区,3-5年,大专,10k-20k
深圳市和讯华谷信息技术有限公司,高级数据开发工程师,大数据SparkScala数据挖掘,500-2000人,上市公司,南山区,3-5年,本科,20k-35k
岩心科技（深圳）有限公司,大数据开发工程师,互联网金融电商SparkHadoopJavaHive,500-2000人,C轮,南山区,1-3年,本科,15k-25k
深圳佑驾创新科技有限公司,服务端开发工程师,,150-500人,A轮,南山区,3-5年,本科,18k-35k
Gekko Artificial Intelligence Limited,后端开发 / 初级架构师,大数据docker平台解决方案,15-50人,天使轮,南山区,3-5年,本科,20k-35k
富泰华工业（深圳）有限公司,智能传感器开发工程师/经理,移动互联网大数据人工智能机器学习,2000人以上,上市公司,宝安区,3-5年,本科,10k-20k
深圳市多易得信息技术股份有限公司,web工程师,,150-500人,上市公司,宝安区,1-3年,本科,8k-15k
试金石信用服务有限公司,数据开发工程师,大数据金融,50-150人,不需要融资,南山区,3-5年,本科,15k-25k
深圳松茂科技有限公司,C++开发工程师,,50-150人,A轮,南山区,1-3年,本科,8k-13k
深圳市矽赫科技有限公司,全栈工程师,,15-50人,不需要融资,南山区,1-3年,本科,15k-30k
横琴科妥资产管理有限公司,量化系统研发工程师,,15-50人,不需要融资,南山区,不限,本科,15K-30K
深圳市博奥特科技有限公司,数据库开发工程师,,150-500人,未融资,福田区,1-3年,本科,11k-16k
深圳佑驾创新科技有限公司,客户端开发工程师,,150-500人,A轮,南山区,不限,本科,15k-30k
深圳市和讯华谷信息技术有限公司,运维开发工程师,,500-2000人,上市公司,南山区,不限,本科,12k-24k
北京字节跳动科技有限公司,流媒体开发工程师,后端开发,2000人以上,C轮,南山区,3-5年,本科,25k-50k
深圳百诺基因医疗技术有限公司,后台研发工程师,,50-150人,未融资,南山区,3-5年,大专,15k-20k
Moody's Analytics,C#.Net 开发架构师 / 工程师,电商移动互联网C#/.NET,2000人以上,上市公司,福田区,3-5年,本科,17k-30k
深圳蛋壳物联信息技术有限公司,区块链开发工程师,医疗健康,50-150人,不需要融资,南山区,3-5年,本科,10k-20k
深圳贝多多科技有限公司,JAVA开发工程师,,15-50人,A轮,南山区,3-5年,本科,14k-20k
联捷计算科技（深圳）有限公司,软件开发工程师,,50-150人,A轮,福田区,3-5年,本科,15k-30k
深圳市博奥特科技有限公司,初级数据库开发工程师,金融,150-500人,未融资,福田区,1-3年,本科,10k-12k
深圳市和讯华谷信息技术有限公司,高级运维开发工程师,云计算Linux,500-2000人,上市公司,南山区,不限,本科,20k-35k
深圳风林火山电脑技术有限公司,运维开发工程师,游戏信息安全Linux监控信息安全,50-150人,不需要融资,南山区,3-5年,本科,13k-25k
深圳市超级猩猩健身管理有限公司,高级Java开发工程师,新零售后端分布式,150-500人,C轮,南山区,3-5年,本科,15k-25k
上海淇毓信息科技有限公司,测试开发工程师,,500-2000人,未融资,福田区,3-5年,不限,15k-30k
北京市商汤科技开发有限公司,系统开发工程师（云地图）,,2000人以上,C轮,南山区,1-3年,本科,15k-30k
深圳市立新出行信息技术有限公司,高级后台开发工程师,,50-150人,不需要融资,宝安区,3-5年,本科,25k-35k
深圳达脉科技有限公司,后台高级开发工程师,,15-50人,天使轮,南山区,3-5年,本科,15k-30k
深圳晶泰科技有限公司,高级后端开发工程师,大数据PythonGolangNode.js分布式,50-150人,C轮,福田区,3-5年,本科,25k-35k
盛世乐居(亚东)智能科技有限公司深圳分公司,Android开发工程师,,15-50人,不需要融资,南山区,3-5年,本科,16k-25k
北京字节跳动科技有限公司,后端开发工程师 - 直播/实时通信,后端开发,2000人以上,C轮,南山区,3-5年,本科,25k-50k
深圳市环球易购电子商务有限公司,监控系统开发工程师,电商运维,2000人以上,上市公司,南山区,3-5年,大专,15k-25k
杭州云脑科技有限公司,大数据开发工程师,,50-150人,A轮,南山区,3-5年,本科,15k-30k
深圳凯因卡德科技有限公司,后端开发工程师,游戏Linux/UnixC++,15-50人,A轮,南山区,不限,不限,10k-20k
厂多多网络科技（深圳）有限公司,嵌入式软件开发工程师（急招）,电商企业服务Linux,15-50人,天使轮,宝安区,3-5年,本科,25k-30k
深圳市立新出行信息技术有限公司,后台开发工程师,电商支付GolangJavaMySQL,50-150人,不需要融资,宝安区,1-3年,本科,15k-25k
深圳市矽赫科技有限公司,应用软件工程师,智能硬件ARMLinux智能硬件硬件开发,15-50人,不需要融资,南山区,1-3年,本科,15k-30k
联捷计算科技（深圳）有限公司,软件开发工程师,,50-150人,A轮,福田区,3-5年,本科,12k-24k
腾讯科技(深圳)有限公司,TEG13-大数据后台开发工程师,,2000人以上,上市公司,南山区,1-3年,本科,18k-36k
深圳市天杭科技有限公司,C++开发工程师,,50-150人,不需要融资,龙华新区,3-5年,本科,15k-30k
深圳依时货拉拉科技有限公司,技术副总监（数据分析方向）J10758,,2000人以上,C轮,福田区,5-10年,本科,30k-50k
深圳松茂科技有限公司,系统工程师,,50-150人,A轮,南山区,1-3年,大专,8k-12k
深圳市尚游网络科技有限公司,U3D客户端开发工程师——诺亚手游,,150-500人,不需要融资,南山区,1-3年,本科,10k-17k
深圳市瑞宝麟财富投资管理有限公司,运维开发工程师,互联网金融,2000人以上,不需要融资,南山区,3-5年,大专,15k-30k
万汇互联（深圳）科技有限公司,量化交易引擎高级开发工程师,,150-500人,天使轮,南山区,3-5年,本科,35k-50k
深圳市大辰科技有限公司,算法工程师,大数据NLP数据挖掘数据分析,50-150人,不需要融资,南山区,3-5年,本科,12k-24k
格创东智（深圳）科技有限公司,高级JAVA开发工程师,,500-2000人,不需要融资,南山区,5-10年,本科,15k-25k
深圳市和讯华谷信息技术有限公司,高级安全工程师（安全开发&amp;架构）,云计算大数据网络安全信息安全,500-2000人,上市公司,南山区,5-10年,本科,18k-35k
北京国双科技有限公司,资深运维开发工程师,大数据云计算后端Python平台,500-2000人,上市公司,福田区,5-10年,本科,25k-35k
深圳市家家顺物联科技有限公司,大数据开发工程师,大数据Flink算法Hadoop,50-150人,不需要融资,福田区,3-5年,本科,15k-28k
华泰期货有限公司,前端高级开发工程师,金融HTML5CSSWeb前端Javascript,500-2000人,不需要融资,福田区,5-10年,本科,20k-40k
深圳数位传媒科技有限公司,大数据开发工程师（数据仓库）,大数据HiveHadoop,150-500人,B轮,南山区,3-5年,本科,18k-35k
深圳码隆科技有限公司,高级全栈工程师（深圳）,,50-150人,B轮,盐田区,1-3年,本科,20k-40k
深圳瓦拉数字技术有限公司,区块链-高级GO/Golang开发工程师,互联网金融分布式后端,15-50人,天使轮,宝安区,5-10年,本科,20k-40k
上海易点时空网络有限公司,PHP开发工程师,汽车移动互联网,150-500人,C轮,宝安区,3-5年,本科,15k-30k
深圳市玖昔科技发展股份有限公司,高级运维开发工程师,,50-150人,B轮,南山区,1-3年,大专,10k-20k
上海海知智能科技有限公司,数据开发工程师,云计算大数据ETLJavaHadoop数据分析,50-150人,A轮,南山区,3-5年,本科,15k-30k
深圳TCL新技术有限公司,运维开发工程师,,2000人以上,上市公司,南山区,3-5年,本科,20k-40k
深圳市海柔创新科技有限公司,电子工程师,智能硬件Linux智能硬件PCB工艺电路设计,15-50人,A轮,宝安区,3-5年,本科,13k-25k
深圳市知学云科技有限公司,大数据开发工程师（人物画像/用户推荐方面）,,150-500人,不需要融资,南山区,3-5年,大专,18k-25k
深圳市大辰科技有限公司,c++开发工程师（直播业务）,,50-150人,不需要融资,南山区,3-5年,本科,15k-25k
深圳市阿卡索资讯股份有限公司,资深web前端开发工程师,教育移动互联网JavascriptCSS,500-2000人,B轮,罗湖区,3-5年,本科,15k-25k
联捷计算科技（深圳）有限公司,软件开发工程师（图片算法）,,50-150人,A轮,福田区,3-5年,本科,18k-36k
深圳市四格互联信息技术有限公司,前端开发工程师,,150-500人,B轮,南山区,3-5年,本科,15k-20k
深圳库尚信息技术有限公司,高级爬虫开发工程师,电商大数据Python抓取爬虫工程师,2000人以上,B轮,南山区,3-5年,本科,15k-30k
深圳瓦拉数字技术有限公司,区块链-高级C++开发工程师,,15-50人,天使轮,宝安区,3-5年,本科,25k-40k
联捷计算科技（深圳）有限公司,高级后端开发工程师,云计算视频GOJavaPython云计算,50-150人,A轮,福田区,3-5年,本科,20k-30k
Moody's Analytics,React.js 前端开发 - 工程师 / 架构师,移动互联网云计算HTML5React nativeHTML,2000人以上,上市公司,福田区,不限,本科,16k-30k
深圳市星航智能科技发展有限公司,大数据开发工程师,,2000人以上,不需要融资,龙华新区,3-5年,大专,18k-32k
江苏润和软件股份有限公司,驱动开发工程师,,2000人以上,上市公司,龙岗区,不限,本科,10k-20k
深圳市立新出行信息技术有限公司,Golang后台开发工程师,,50-150人,不需要融资,宝安区,3-5年,本科,25k-35k
深圳市众乐网视文化传播有限公司,nodejs开发工程师,电商本地生活Linux/UnixNode.jsMySQL后端,150-500人,A轮,南山区,3-5年,本科,20k-40k
深圳市牧月科技有限公司,感知算法工程师,,15-50人,天使轮,龙华新区,1-3年,本科,25k-50k
北京通力互联技术服务有限公司,高级算法研发工程师,,2000人以上,不需要融资,南山区,不限,硕士,15k-30k
上海海万信息科技股份有限公司,大数据开发工程师,大数据HiveHadoopSpark,500-2000人,不需要融资,福田区,3-5年,本科,10k-20k
爱问医联科技（深圳）有限公司,Java开发工程师,移动互联网医疗健康,150-500人,A轮,南山区,3-5年,本科,10k-15k
北京志凌海纳科技有限公司,时光机研发工程师,,50-150人,B轮,南山区,不限,本科,20k-40k
深圳小橙奔跑科技有限公司,高级Web前端开发工程师,广告营销,15-50人,天使轮,南山区,3-5年,本科,15k-25k
深圳虾皮信息科技有限公司,高级后台开发工程师,,2000人以上,上市公司,南山区,3-5年,本科,30k-50k
深圳小库科技有限公司,高级后端开发工程师,,50-150人,A轮,南山区,3-5年,本科,20k-40k
深圳市牧月科技有限公司,软件工程师,,15-50人,天使轮,龙华新区,1-3年,本科,25k-50k
深圳市易讯天空网络技术有限公司,后台服务开发工程师,,150-500人,上市公司,南山区,3-5年,本科,15k-25k
深圳云天励飞技术有限公司,云服务研发工程师,,500-2000人,A轮,福田区,3-5年,本科,10k-20k
千巡科技（深圳）有限公司,ROS工程师,,15-50人,天使轮,宝安区,不限,本科,15k-30k
深圳码隆科技有限公司,算法工程师,,50-150人,B轮,盐田区,不限,本科,20k-30k
深圳暴雪奇迹科技有限公司,Unity3D开发工程师,游戏,50-150人,未融资,南山区,3-5年,本科,14k-20k
北京市商汤科技开发有限公司,C++开发工程师,,2000人以上,C轮,南山区,不限,本科,15k-30k
深圳依时货拉拉科技有限公司,技术副总监（大数据方向）J10761,,2000人以上,C轮,福田区,5-10年,本科,40k-60k
深圳市义泰昌餐饮管理有限公司,算法工程师,电商新零售,500-2000人,A轮,福田区,3-5年,本科,15k-28k
阿斯麦（上海）光刻设备科技有限公司,C++ 软件开发工程师,,150-500人,上市公司,南山区,3-5年,本科,15k-20k
深圳链禧科技有限公司,高级JAVA工程师,,50-150人,不需要融资,南山区,5-10年,本科,18k-25k
鹏城实验室,Hadoop开发工程师—先进计算研究中心,大数据移动互联网Java,500-2000人,不需要融资,南山区,1-3年,硕士,18k-24k
爱客科技（深圳）有限公司,大数据开发工程师,,50-150人,不需要融资,南山区,3-5年,本科,20k-40k
深圳瓦拉数字技术有限公司,高级Go/C++开发工程师,,15-50人,天使轮,宝安区,3-5年,本科,20k-40k
深圳前海大数金融服务有限公司,互联网开发运维工程师,,500-2000人,C轮,南山区,3-5年,本科,15k-25k
深圳市牧月科技有限公司,算法工程师,,15-50人,天使轮,龙华新区,应届毕业生,本科,8k-12k
鹏城实验室,linux C/C++开发工程师—先进计算研究中心,大数据云计算Linux/Unix,500-2000人,不需要融资,南山区,1-3年,本科,15k-18k
广州市易杰数码科技有限公司,WEB前端工程师,工具软件大数据前端开发,150-500人,上市公司,南山区,1-3年,本科,8k-16k
深圳灵喵机器人技术有限公司,高级全栈工程师,,15-50人,A轮,龙岗区,3-5年,本科,12k-24k
中科创达软件股份有限公司,高级平台开发工程师,,2000人以上,上市公司,南山区,5-10年,本科,16k-25k
深圳市普渡科技有限公司,机器人软件开发工程师,,50-150人,A轮,南山区,3-5年,本科,15k-30k
深圳市乐易网络股份有限公司,C++,游戏Java后端,150-500人,A轮,南山区,1-3年,本科,10k-20k
爱客科技（深圳）有限公司,高級前端工程师,云计算Web前端架构师,50-150人,不需要融资,南山区,3-5年,本科,20k-35k
上海海万信息科技股份有限公司,c++开发工程师,云计算云计算,500-2000人,不需要融资,福田区,3-5年,大专,10k-20k
心灵失重（北京）科技有限公司,高级后端开发,社交PythonC++Golang,150-500人,A轮,南山区,5-10年,本科,20k-40k
上海海知智能科技有限公司,数据开发工程师,大数据,50-150人,A轮,南山区,1-3年,本科,10k-20k
深圳市消费宝网络科技有限公司,技术总监,,50-150人,天使轮,南山区,5-10年,本科,20k-30k
富途网络科技（深圳）有限公司,行情服务器开发工程师,大数据金融Python算法,500-2000人,C轮,南山区,3-5年,本科,20k-40k
深圳市赢众通金融信息服务有限责任公司,运维开发工程师,,500-2000人,上市公司,南山区,3-5年,大专,15k-25k
融慧金科金融服务外包（北京）有限公司,JAVA研发工程师,,50-150人,A轮,南山区,1-3年,本科,13k-26k
深圳市牧月科技有限公司,规划/控制算法工程师,,15-50人,天使轮,龙华新区,1-3年,本科,25k-50k
鹏城实验室,集群运维开发工程师—先进计算研究中心,大数据云计算,500-2000人,不需要融资,南山区,1-3年,硕士,20k-24k
上海微创软件股份有限公司北京分公司,自然语音处理研发工程师-车联网,移动互联网汽车NLP机器学习,2000人以上,不需要融资,南山区,3-5年,本科,10k-20k
北京市商汤科技开发有限公司,后端研发工程师,,2000人以上,C轮,南山区,3-5年,本科,20k-40k
中科水滴科技（深圳）有限公司,软件开发工程师,,50-150人,天使轮,龙岗区,3-5年,不限,14k-24k
深圳复临信息科技有限公司,高级后端工程师,,50-150人,A轮,南山区,3-5年,本科,20k-30k
深圳市有芯电子有限公司,技术研发经理,电商项目管理,150-500人,不需要融资,福田区,10年以上,本科,25k-33k
北京志凌海纳科技有限公司,高级后台开发工程师,云计算dockerGO云计算,50-150人,B轮,南山区,不限,本科,20k-40k
北京字节跳动科技有限公司,分布式KV / 缓存系统研发工程师,后端开发,2000人以上,C轮,南山区,不限,本科,35k-70k
上海海万信息科技股份有限公司,java工程师,金融软件开发,500-2000人,不需要融资,南山区,3-5年,大专,12k-20k
深圳市环球易购电子商务有限公司,运维开发工程师,,2000人以上,上市公司,南山区,3-5年,本科,15k-25k
跨越速运集团有限公司,信息安全开发工程师(J10190),信息安全,2000人以上,不需要融资,南山区,3-5年,大专,25k-30k
深圳市乐易网络股份有限公司,Java,游戏C++C后端,150-500人,A轮,南山区,1年以下,本科,8k-16k
深圳市前海汇流信息科技有限公司,Node.js后端开发工程师,,50-150人,A轮,南山区,1-3年,本科,10k-20k
武汉斗鱼网络科技有限公司,资深DBA工程师,,2000人以上,D轮及以上,南山区,5-10年,本科,17k-34k
上海海万信息科技股份有限公司,初级java工程师,,500-2000人,不需要融资,福田区,3-5年,本科,10k-20k
北京字节跳动科技有限公司,NewSQL研发工程师,后端开发,2000人以上,C轮,南山区,3-5年,本科,30k-60k
深圳市前海汇流信息科技有限公司,Golang,,50-150人,A轮,南山区,1-3年,本科,10k-20k
深圳蓝贝科技有限公司,数据平台开发工程师,,150-500人,B轮,南山区,3-5年,本科,15k-30k
深圳市一面网络技术有限公司,前端工程师,大数据,50-150人,A轮,南山区,1-3年,本科,10k-18k
深圳讴谱科技有限公司,区块链开发工程师,,15-50人,不需要融资,南山区,5-10年,本科,15k-25k
深圳市小满科技有限公司,高级前端工程师,企业服务JavascriptNode.jsWeb前端,150-500人,C轮,南山区,3-5年,本科,20k-40k
深圳复临信息科技有限公司,后端工程师,,50-150人,A轮,南山区,3-5年,本科,15k-25k
深圳虾皮信息科技有限公司,Shopee 2C业务群后台研发工程师,,2000人以上,上市公司,南山区,3-5年,本科,30k-50k
深圳市硅基大脑科技有限公司,AI研发工程师（可应届生）,,15-50人,未融资,南山区,不限,本科,8k-15k
优倍快网络技术咨询(上海)有限公司,服务端工程师,,500-2000人,上市公司,福田区,1-3年,本科,10k-20k
深圳前海联动云汽车租赁有限公司,运维开发工程师,,2000人以上,不需要融资,罗湖区,3-5年,本科,15k-30k
智言科技(深圳)有限公司,高级后端工程师,,50-150人,A轮,南山区,5-10年,本科,18k-36k
跨越速运集团有限公司,信息安全开发工程师(J10175),,2000人以上,不需要融资,南山区,3-5年,大专,25k-30k
深圳市迷你玩科技有限公司,大数据分析开发工程师,大数据数据挖掘,50-150人,B轮,南山区,5-10年,大专,40k-80k
上海海万信息科技股份有限公司,中高级java开发工程师,,500-2000人,不需要融资,福田区,3-5年,本科,10k-20k
深圳市硅基大脑科技有限公司,AI高级研发工程师,,15-50人,未融资,南山区,1-3年,本科,15k-30k
滴滴优点科技（深圳）有限公司,资深Java技术专家/高级Java研发工程师,,50-150人,A轮,福田区,5-10年,本科,18k-36k
深圳云天励飞技术有限公司,大数据系统研发工程师/大数据应用开发工程师,,500-2000人,A轮,南山区,3-5年,本科,20k-35k
北京聚道科技有限公司,生物信息工程师,医疗健康Python,15-50人,B轮,罗湖区,1-3年,本科,10k-15k
深圳市中钞科信金融科技有限公司,软件开发工程师(应届生）,,150-500人,不需要融资,福田区,应届毕业生,本科,8k-12k
网宿科技股份有限公司北京分公司,存储开发工程师,云计算分布式Java云计算,2000人以上,上市公司,南山区,3-5年,本科,20k-40k
深圳中正信息科技有限公司,运维工程师,,15-50人,天使轮,南山区,1-3年,大专,8k-12k
富途网络科技（深圳）有限公司,行情开发工程师,,500-2000人,C轮,南山区,3-5年,本科,20K-40K
深圳天天看看信息技术有限公司,数据开发工程师,大数据Hadoop数据挖掘数据分析,150-500人,不需要融资,南山区,3-5年,本科,15k-25k
上海莱壳企业管理有限公司,C++资深开发工程师,大数据服务器端,150-500人,B轮,南山区,3-5年,本科,20k-40k
深圳数位传媒科技有限公司,算法工程师,,150-500人,B轮,南山区,1-3年,本科,13k-25k
竹间智能科技（上海）有限公司,后台开发工程师,媒体C++Java,150-500人,B轮,南山区,3-5年,本科,15k-30k
跨越速运集团有限公司,大数据开发工程师(J10454),,2000人以上,不需要融资,宝安区,1-3年,本科,15k-25k
广州奇志信息科技有限公司,后端工程师（深圳）,,15-50人,A轮,南山区,3-5年,本科,10k-20k
上海海万信息科技股份有限公司,java工程师,银行,500-2000人,不需要融资,罗湖区,3-5年,本科,10k-20k
深圳市萧乔网络科技有限公司,数据开发工程师,,50-150人,不需要融资,南山区,5-10年,本科,28k-40k
上海微创软件股份有限公司北京分公司,后端开发,,2000人以上,不需要融资,南山区,1-3年,本科,10k-15k
心灵失重（北京）科技有限公司,后端开发,,150-500人,A轮,南山区,3-5年,本科,15k-30k
深圳虾皮信息科技有限公司,后端软件工程师,,2000人以上,上市公司,南山区,不限,本科,20k-40k
深圳前海联动云汽车租赁有限公司,ETL数据库开发工程师,,2000人以上,不需要融资,罗湖区,3-5年,本科,15k-30k
深圳市奇诺动力科技有限公司,嵌入式软件工程师,,15-50人,A轮,南山区,不限,本科,8k-15k
深圳永安在线科技有限公司,后端高级开发工程师,大数据GolangJavaPHPPython,50-150人,A轮,南山区,3-5年,本科,25k-45k
深圳市全民点游科技有限公司,性能测试工程师,,150-500人,未融资,南山区,3-5年,大专,10k-20k
腾讯科技(深圳)有限公司,TEG13-运营开发工程师,,2000人以上,上市公司,南山区,3-5年,本科,18k-36k
丹尼尔惠灵顿贸易（深圳）有限公司,DevOps Engineer 运维开发工程师,,150-500人,不需要融资,南山区,1-3年,本科,12k-20k
招联消费金融有限公司,安全技术工程师,互联网金融借贷,500-2000人,不需要融资,南山区,3-5年,本科,15k-25k
深圳市易讯天空网络技术有限公司,高级前端开发工程师（CP）,,150-500人,上市公司,南山区,5-10年,本科,15k-27k
深圳晶泰科技有限公司,计算化学开发工程师,其他,50-150人,C轮,福田区,不限,硕士,15k-25k
深圳云麦科技有限公司,JAVA高级工程师,医疗健康云计算云计算系统架构,50-150人,B轮,南山区,3-5年,本科,13k-25k
上海海万信息科技股份有限公司,中高级java开发工程师,,500-2000人,不需要融资,福田区,3-5年,本科,10k-20k
深圳连城之堡科技有限公司,软件开发初级工程师,大数据JavaPython,15-50人,不需要融资,南山区,不限,本科,15k-30k
上海微创软件股份有限公司北京分公司,大数据后台开发工程师-车联网,移动互联网大数据SparkHadoop,2000人以上,不需要融资,南山区,3-5年,本科,10k-20k
竹间智能科技（上海）有限公司,全栈工程师,媒体JavaPython,150-500人,B轮,南山区,3-5年,本科,20k-35k
深圳市本牛科技有限责任公司,软件开发工程师,教育,50-150人,未融资,南山区,应届毕业生,本科,5k-8k
深圳淘乐网络科技有限公司,高级PHP工程师,游戏后端MySQL,150-500人,不需要融资,南山区,3-5年,大专,10k-20k
鹏城实验室,分布式系统工程师,,500-2000人,不需要融资,南山区,3-5年,硕士,15k-30k
万影技术（深圳）有限公司,运维开发工程师,,50-150人,天使轮,南山区,3-5年,本科,20k-25k
深圳追一科技有限公司,GO开发工程师 (MJ000154),,150-500人,B轮,南山区,不限,本科,15k-30k
誇克鏈科技有限公司,区块链开发工程师,,150-500人,天使轮,南山区,3-5年,本科,15k-30k
深圳市海捷紫华商贸有限公司,测试工程师（中级）,电商Web测试功能测试性能测试app测试,15-50人,A轮,南山区,3-5年,大专,10k-15k
平安科技（深圳）有限公司,容器研发工程师（深圳）,,2000人以上,不需要融资,南山区,3-5年,本科,15k-30k
深圳市明源云客电子商务有限公司,中高级Golang开发工程师,移动互联网,2000人以上,上市公司,南山区,3-5年,本科,18k-30k
深圳海链科技有限公司,go后台工程师,信息安全GolangJavaPython,50-150人,A轮,南山区,1-3年,本科,15k-30k
北京志凌海纳科技有限公司,Kubernetes 研发工程师,,50-150人,B轮,南山区,不限,本科,30k-50k
上海微创软件股份有限公司北京分公司,Web开发工程师（外派腾讯）,游戏移动互联网JavascriptbootstrapReact native,2000人以上,不需要融资,南山区,3-5年,大专,14k-16k
竹间智能科技（上海）有限公司,NLP研发工程师,,150-500人,B轮,南山区,1-3年,硕士,25k-50k
上海海万信息科技股份有限公司,Linux / C++开发工程师,云计算云计算,500-2000人,不需要融资,福田区,5-10年,本科,15k-25k
华泰期货有限公司,JAVA高级开发工程师,金融分布式后端服务器端,500-2000人,不需要融资,福田区,5-10年,本科,20k-40k
平达投资股份有限公司,前端开发,,2000人以上,未融资,南山区,不限,本科,25k-50k
南方银谷科技有限公司,自动化运维开发工程师,,150-500人,D轮及以上,南山区,3-5年,大专,15k-20k
深圳市心意创新科技有限公司,前端开发工程师,大数据HTML,50-150人,未融资,福田区,3-5年,本科,13k-18k
万翼科技有限公司,IOT开发工程师,,2000人以上,上市公司,南山区,5-10年,本科,25k-50k
北京通力互联技术服务有限公司,c/c++,,2000人以上,不需要融资,龙岗区,1-3年,本科,8k-15k
深圳市中钞科信金融科技有限公司,软件开发工程师(应届生）,,150-500人,不需要融资,福田区,应届毕业生,本科,8k-12k
深圳旺金金融信息服务有限公司,数据仓库开发工程师,,2000人以上,C轮,福田区,3-5年,本科,18k-25k
深圳市五谷网络科技有限公司,大数据开发工程师hadoop,,150-500人,C轮,南山区,1-3年,本科,10k-15k
深圳云天励飞技术有限公司,大数据数据开发工程师/大数据数据分析师,,500-2000人,A轮,南山区,3-5年,本科,15k-30k
岩心科技（深圳）有限公司,数据开发工程师,大数据互联网金融HiveSparkHadoop,500-2000人,C轮,南山区,3-5年,本科,20k-40k
北京睿智融科控股股份有限公司,开发工程师,,150-500人,不需要融资,南山区,不限,本科,6k-9k
北京字节跳动科技有限公司,基础架构研发工程师,后端开发,2000人以上,C轮,南山区,3-5年,本科,25k-50k
深圳市华宇讯科技有限公司,NLP工程师,,500-2000人,B轮,南山区,1-3年,硕士,15k-30k
深信服科技股份有限公司,大数据平台开发工程师,大数据JavaHadoop,2000人以上,不需要融资,南山区,1-3年,本科,15k-25k
广东安创信息科技开发有限公司,web开发工程师,,50-150人,不需要融资,南山区,1-3年,本科,6k-10k
海南新浪爱问普惠科技有限公司,大数据平台开发工程师,大数据JavaHadoopSpark数据分析,150-500人,未融资,南山区,5-10年,本科,18k-30k
深圳市本牛科技有限责任公司,语音开发初级工程师,教育游戏软件开发C++Java,50-150人,未融资,南山区,应届毕业生,本科,6k-9k
深圳市矽赫科技有限公司,计算机视觉算法工程师,智能硬件人工智能机器学习图像处理,15-50人,不需要融资,南山区,1-3年,硕士,20k-40k
深圳开黑科技有限公司,大数据开发工程师,游戏大数据Hadoop数据挖掘数据分析,150-500人,A轮,南山区,3-5年,本科,15k-30k
深圳松茂科技有限公司,运维工程师,,50-150人,A轮,南山区,3-5年,大专,12k-20k
深圳智易科技有限公司,AI平台开发工程师（机器学习）,云计算大数据人工智能算法架构师,15-50人,天使轮,南山区,3-5年,硕士,25k-40k
深圳乐信软件技术有限公司,数据开发工程师 (MJ000443),,2000人以上,上市公司,南山区,3-5年,本科,15k-30k
深圳连城之堡科技有限公司,资深软件开发工程师,,15-50人,不需要融资,南山区,3-5年,本科,30k-55k
深圳广联赛讯有限公司,DBA运维工程师,,150-500人,A轮,南山区,3-5年,本科,12k-16k
绍兴市齐悟网络科技有限公司,后端开发工程师,,50-150人,B轮,南山区,3-5年,本科,15k-25k
深圳市猫推科技有限公司,运维工程师,,50-150人,未融资,南山区,1-3年,大专,10k-20k
北京字节跳动科技有限公司,后台开发工程师,,2000人以上,C轮,南山区,1年以下,本科,18k-22k
格创东智（深圳）科技有限公司,测试工程师,,500-2000人,不需要融资,南山区,3-5年,本科,10k-15k
富途网络科技（深圳）有限公司,风控开发工程师,金融服务器端,500-2000人,C轮,南山区,1-3年,不限,15k-30k
深圳普思英察科技有限公司,测试工程师,媒体嵌入式,50-150人,B轮,南山区,1-3年,本科,10k-20k
天下支付科技有限公司,c/c++开发工程师,电商支付后端Java,150-500人,不需要融资,福田区,3-5年,本科,15k-30k
深圳市优学链科技有限公司,golang开发工程师,,15-50人,天使轮,南山区,不限,本科,15k-30k
深圳市前海汇流信息科技有限公司,PHP/Node js后端开发工程师,,50-150人,A轮,南山区,1-3年,本科,13k-25k
百度在线网络技术（北京）有限公司,光传输系统工程师,,2000人以上,不需要融资,南山区,3-5年,本科,15k-30k
深圳市全民点游科技有限公司,实施运维工程师,,150-500人,未融资,南山区,3-5年,大专,10k-20k
人人贷商务顾问（北京）有限公司,大数据开发高级工程师,,2000人以上,A轮,南山区,3-5年,本科,25k-50k
深圳讴谱科技有限公司,区块链开发工程师,,15-50人,不需要融资,南山区,3-5年,本科,12K-22K
深圳市大头兄弟文化传播有限公司,大数据开发工程师,,50-150人,A轮,宝安区,3-5年,大专,15k-30k
广州搜床网络科技有限公司,物联网平台开发工程师,,150-500人,A轮,南山区,3-5年,本科,15k-25k
平安科技（深圳）有限公司,开发工程师-云平台,云计算软件开发,2000人以上,不需要融资,福田区,不限,本科,15k-30k
北京网石科技有限公司,SDK工程师,游戏PMP,2000人以上,不需要融资,南山区,1-3年,大专,8k-16k
深圳小鹅网络技术有限公司,运维开发工程师,,150-500人,A轮,南山区,1-3年,本科,10k-20k
深圳市墨者安全科技有限公司,运维工程师,信息安全云计算安全Web安全,15-50人,不需要融资,南山区,1-3年,大专,7k-10k
深圳市华宇讯科技有限公司,自然语言处理工程师,,500-2000人,B轮,南山区,3-5年,硕士,25k-50k
智言科技(深圳)有限公司,后端开发工程师,,50-150人,A轮,南山区,3-5年,本科,15k-30k
深圳市海柔创新科技有限公司,可靠性测试工程师,,15-50人,A轮,宝安区,3-5年,本科,15k-25k
深圳凯撒网络科技有限公司,PHP开发工程师,,500-2000人,上市公司,南山区,3-5年,本科,10k-20k
深圳市木槿科技有限公司,NPL算法工程师,大数据NLP,50-150人,不需要融资,南山区,3-5年,本科,11k-22k
深圳市云歌人工智能技术有限公司,区块链开发工程师,,50-150人,天使轮,南山区,3-5年,本科,20k-40k
深圳市义泰昌餐饮管理有限公司,运维工程师,移动互联网Linux,500-2000人,A轮,福田区,3-5年,本科,10k-20k
深圳矽递科技股份有限公司,技术支持工程师（课程开发组）,移动互联网教育,150-500人,不需要融资,南山区,1-3年,本科,7k-14k
深圳贝尔信息科技有限公司,人工智能研发工程师,,少于15人,不需要融资,南山区,不限,本科,9k-18k
深圳智易科技有限公司,算法工程师,,15-50人,天使轮,南山区,1-3年,本科,25k-40k
深圳进化动力数码科技有限公司,计算机视觉研发工程师,企业服务,50-150人,B轮,宝安区,不限,本科,12k-22k
广州快盈信息技术服务有限公司,NLP算法工程师,,50-150人,B轮,南山区,3-5年,本科,15k-30k
滴滴优点科技（深圳）有限公司,后端研发工程师,,50-150人,A轮,福田区,3-5年,本科,16k-32k
互联金服（珠海）科技有限公司,后端开发工程师,,50-150人,不需要融资,南山区,3-5年,大专,15k-28k
深圳奥斯比特科技有限公司,后台开发工程师,工具软件大数据移动开发机器学习JavaLinux/Unix,少于15人,不需要融资,南山区,3-5年,本科,10k-14k
深圳市客路网络科技有限公司,测试开发工程师,信息安全自动化,500-2000人,D轮及以上,福田区,1-3年,本科,12k-24k
深圳白骑士大数据有限公司,机器学习工程师,大数据金融算法,50-150人,A轮,南山区,1-3年,本科,15k-25k
五八生活圈（深圳）科技有限公司,运维工程师,,50-150人,上市公司,龙岗区,3-5年,大专,15k-20k
深圳蓝贝科技有限公司,运维开发工程师,,150-500人,B轮,南山区,3-5年,本科,15k-30k
星辰天合（北京）数据科技有限公司,存储产品研发工程师,,150-500人,C轮,南山区,1-3年,本科,15k-30k
深圳悦智网络科技有限公司,高级软件测试工程师,,15-50人,天使轮,南山区,3-5年,本科,10k-20k
深圳市金锄头网络有限公司,高级运维开发工程师,,150-500人,不需要融资,南山区,3-5年,本科,25k-35k
上海海万信息科技股份有限公司,中级java工程师,,500-2000人,不需要融资,福田区,3-5年,本科,10k-20k
深圳势必可赢科技有限公司,golang开发工程师,,50-150人,B轮,南山区,3-5年,本科,15k-25k
广州搜床网络科技有限公司,物联网硬件开发工程师,移动互联网嵌入式,150-500人,A轮,南山区,3-5年,本科,15k-25k
北京猎户星空科技有限公司,机械臂软件开发工程师（深圳）,,500-2000人,A轮,南山区,不限,本科,18k-35k
网宿科技股份有限公司北京分公司,存储研发工程师-深圳-00927,,2000人以上,上市公司,,3-5年,本科,15k-25k
深圳市瑞宝麟财富投资管理有限公司,MySQL数据库开发工程师,,2000人以上,不需要融资,南山区,3-5年,大专,15k-25k
